[{"pk": 1, "model": "climatedata.organization", "fields": {"url": null, "country": "USA", "code": "noaa", "name": "NOAA"}}, {"pk": 1, "model": "climatedata.scenario", "fields": {"code": "sresa1b", "name": "sresa1b"}}, {"pk": 1, "model": "climatedata.archive", "fields": {"url": null, "organization": 1, "code": "maurer", "name": "maurer"}}, {"pk": 1, "model": "climatedata.climatemodel", "fields": {"url": null, "code": "bccr_bcm2.0", "name": "bccr_bcm2.0"}}, {"pk": 1, "model": "climatedata.archivecollection", "fields": {"climatemodel": 1, "archive": 1}}, {"pk": 2, "model": "climatedata.archivecollection", "fields": {"climatemodel": 1, "archive": 1}}, {"pk": 3, "model": "climatedata.archivecollection", "fields": {"climatemodel": 1, "archive": 1}}, {"pk": 1, "model": "climatedata.dataset", "fields": {"name": "oc_gis_downscaling.bccr_bcm2.sresa1b.Prcp.Prcp.1.aggregation.1", "scenario": 1, "temporal_max": "2099-12-15 00:00:00", "climatemodel": 1, "temporal_interval_days": 30.4363535297, "uri": "http://hydra.fsl.noaa.gov/thredds/dodsC/oc_gis_downscaling.bccr_bcm2.sresa1b.Prcp.Prcp.1.aggregation.1", "time_units": "days since 1950-01-01 00:00:00", "level_name": null, "temporal_min": "1950-01-16 00:00:00", "spatial_extent": "POLYGON ((-124.7500000000000000 25.1250000000000000, -67.0000000000000000 25.1250000000000000, -67.0000000000000000 52.8750000000000000, -124.7500000000000000 52.8750000000000000, -124.7500000000000000 25.1250000000000000))", "calendar": "proleptic_gregorian", "colbnds_name": "bounds_longitude", "time_name": "time", "archive": 1, "rowbnds_name": "bounds_latitude"}}, {"pk": 1, "model": "climatedata.variable", "fields": {"ndim": 1, "code": "latitude", "dataset": 1}}, {"pk": 2, "model": "climatedata.variable", "fields": {"ndim": 2, "code": "bounds_latitude", "dataset": 1}}, {"pk": 3, "model": "climatedata.variable", "fields": {"ndim": 1, "code": "longitude", "dataset": 1}}, {"pk": 4, "model": "climatedata.variable", "fields": {"ndim": 2, "code": "bounds_longitude", "dataset": 1}}, {"pk": 5, "model": "climatedata.variable", "fields": {"ndim": 1, "code": "time", "dataset": 1}}, {"pk": 6, "model": "climatedata.variable", "fields": {"ndim": 3, "code": "Prcp", "dataset": 1}}, {"pk": 1, "model": "climatedata.attributevariable", "fields": {"variable": 1, "code": "bounds", "value": "bounds_latitude"}}, {"pk": 2, "model": "climatedata.attributevariable", "fields": {"variable": 1, "code": "valid_max", "value": "52.875"}}, {"pk": 3, "model": "climatedata.attributevariable", "fields": {"variable": 1, "code": "long_name", "value": "Latitude"}}, {"pk": 4, "model": "climatedata.attributevariable", "fields": {"variable": 1, "code": "valid_min", "value": "25.125"}}, {"pk": 5, "model": "climatedata.attributevariable", "fields": {"variable": 1, "code": "units", "value": "degrees_north"}}, {"pk": 6, "model": "climatedata.attributevariable", "fields": {"variable": 1, "code": "axis", "value": "Y"}}, {"pk": 7, "model": "climatedata.attributevariable", "fields": {"variable": 3, "code": "bounds", "value": "bounds_longitude"}}, {"pk": 8, "model": "climatedata.attributevariable", "fields": {"variable": 3, "code": "valid_max", "value": "-67.0"}}, {"pk": 9, "model": "climatedata.attributevariable", "fields": {"variable": 3, "code": "topology", "value": "circular"}}, {"pk": 10, "model": "climatedata.attributevariable", "fields": {"variable": 3, "code": "long_name", "value": "Longitude"}}, {"pk": 11, "model": "climatedata.attributevariable", "fields": {"variable": 3, "code": "valid_min", "value": "-124.75"}}, {"pk": 12, "model": "climatedata.attributevariable", "fields": {"variable": 3, "code": "units", "value": "degrees_east"}}, {"pk": 13, "model": "climatedata.attributevariable", "fields": {"variable": 3, "code": "modulo", "value": "360.0"}}, {"pk": 14, "model": "climatedata.attributevariable", "fields": {"variable": 3, "code": "axis", "value": "X"}}, {"pk": 15, "model": "climatedata.attributevariable", "fields": {"variable": 5, "code": "title", "value": "Time"}}, {"pk": 16, "model": "climatedata.attributevariable", "fields": {"variable": 5, "code": "time_origin", "value": "1950-JAN-01 00:00:00"}}, {"pk": 17, "model": "climatedata.attributevariable", "fields": {"variable": 5, "code": "long_name", "value": "Time axis"}}, {"pk": 18, "model": "climatedata.attributevariable", "fields": {"variable": 5, "code": "units", "value": "days since 1950-01-01 00:00:00"}}, {"pk": 19, "model": "climatedata.attributevariable", "fields": {"variable": 5, "code": "calendar", "value": "proleptic_gregorian"}}, {"pk": 20, "model": "climatedata.attributevariable", "fields": {"variable": 5, "code": "axis", "value": "T"}}, {"pk": 21, "model": "climatedata.attributevariable", "fields": {"variable": 6, "code": "missing_value", "value": "1e+20"}}, {"pk": 22, "model": "climatedata.attributevariable", "fields": {"variable": 6, "code": "name", "value": "Prcp"}}, {"pk": 23, "model": "climatedata.attributevariable", "fields": {"variable": 6, "code": "associate", "value": "time latitude longitude"}}, {"pk": 24, "model": "climatedata.attributevariable", "fields": {"variable": 6, "code": "units", "value": "mm/d"}}, {"pk": 25, "model": "climatedata.attributevariable", "fields": {"variable": 6, "code": "axis", "value": "TYX"}}, {"pk": 1, "model": "climatedata.attributedataset", "fields": {"code": "Conventions", "value": "GDT 1.2", "dataset": 1}}, {"pk": 2, "model": "climatedata.attributedataset", "fields": {"code": "file_name", "value": "bccr_bcm2_0.1.sresa1b.monthly.Prcp.2098.nc", "dataset": 1}}, {"pk": 3, "model": "climatedata.attributedataset", "fields": {"code": "History", "value": "Initially created in 2007", "dataset": 1}}, {"pk": 4, "model": "climatedata.attributedataset", "fields": {"code": "authors", "value": "E.Maurer,L.Brekke,T.Pruitt", "dataset": 1}}, {"pk": 5, "model": "climatedata.attributedataset", "fields": {"code": "description", "value": "Statistically downscaled GCM data", "dataset": 1}}, {"pk": 6, "model": "climatedata.attributedataset", "fields": {"code": "creation_date", "value": "July-Sept, 2007", "dataset": 1}}, {"pk": 7, "model": "climatedata.attributedataset", "fields": {"code": "institution", "value": "Santa Clara U., U.S. Bureau of Reclamation, U.S.  Dept. of Energy", "dataset": 1}}, {"pk": 8, "model": "climatedata.attributedataset", "fields": {"code": "SurfSgnConvention", "value": "Traditional", "dataset": 1}}, {"pk": 1, "model": "climatedata.dimension", "fields": {"variable": 1, "position": 0, "code": "latitude"}}, {"pk": 2, "model": "climatedata.dimension", "fields": {"variable": 2, "position": 0, "code": "latitude"}}, {"pk": 3, "model": "climatedata.dimension", "fields": {"variable": 2, "position": 1, "code": "bound"}}, {"pk": 4, "model": "climatedata.dimension", "fields": {"variable": 3, "position": 0, "code": "longitude"}}, {"pk": 5, "model": "climatedata.dimension", "fields": {"variable": 4, "position": 0, "code": "longitude"}}, {"pk": 6, "model": "climatedata.dimension", "fields": {"variable": 4, "position": 1, "code": "bound"}}, {"pk": 7, "model": "climatedata.dimension", "fields": {"variable": 5, "position": 0, "code": "time"}}, {"pk": 8, "model": "climatedata.dimension", "fields": {"variable": 6, "position": 0, "code": "time"}}, {"pk": 9, "model": "climatedata.dimension", "fields": {"variable": 6, "position": 1, "code": "latitude"}}, {"pk": 10, "model": "climatedata.dimension", "fields": {"variable": 6, "position": 2, "code": "longitude"}}]